,,,,,,,,,,,,,,,,,,,,,,,,,,,,,,,,,,
,Bit,,,,,,,,,,,,,,,,,,,,,,,,,,,,,,,,,
,31,30,29,28,27,26,25,24,23,22,21,20,19,18,17,16,15,14,13,12,11,10,9,8,7,6,5,4,3,2,1,0,Opcode,Minion Support
,,,,,,,,,,,,,,,,,,,,,,,,,,,,,,,,,RV32I,1
,imm[31:12],,,,,,,,,,,,,,,,,,,,rd,,,,,0110111,,,,,,,LUI,1
,imm[31:12],,,,,,,,,,,,,,,,,,,,rd,,,,,0010111,,,,,,,AUIPC,1
,imm[20][10:1][11][19:12],,,,,,,,,,,,,,,,,,,,rd,,,,,1101111,,,,,,,JAL,1
,imm[11:0],,,,,,,,,,,,rs1,,,,,000,,,rd,,,,,1100111,,,,,,,JALR,1
,imm[12][10:5],,,,,,,rs2,,,,,rs1,,,,,000,,,imm[4:1][11],,,,,1100011,,,,,,,BEQ,1
,imm[12][10:5],,,,,,,rs2,,,,,rs1,,,,,001,,,imm[4:1][11],,,,,1100011,,,,,,,BNE,1
,imm[12][10:5],,,,,,,rs2,,,,,rs1,,,,,100,,,imm[4:1][11],,,,,1100011,,,,,,,BLT,1
,imm[12][10:5],,,,,,,rs2,,,,,rs1,,,,,101,,,imm[4:1][11],,,,,1100011,,,,,,,BGE,1
,imm[12][10:5],,,,,,,rs2,,,,,rs1,,,,,110,,,imm[4:1][11],,,,,1100011,,,,,,,BLTU,1
,imm[12][10:5],,,,,,,rs2,,,,,rs1,,,,,111,,,imm[4:1][11],,,,,1100011,,,,,,,BGEU,1
,imm[11:0],,,,,,,,,,,,rs1,,,,,000,,,rd,,,,,0000011,,,,,,,LB,1
,imm[11:0],,,,,,,,,,,,rs1,,,,,001,,,rd,,,,,0000011,,,,,,,LH,1
,imm[11:0],,,,,,,,,,,,rs1,,,,,010,,,rd,,,,,0000011,,,,,,,LW,1
,imm[11:0],,,,,,,,,,,,rs1,,,,,100,,,rd,,,,,0000011,,,,,,,LBU,1
,imm[11:0],,,,,,,,,,,,rs1,,,,,101,,,rd,,,,,0000011,,,,,,,LHU,1
,imm[11:5],,,,,,,rs2,,,,,rs1,,,,,000,,,imm[4:0],,,,,0100011,,,,,,,SB,1
,imm[11:5],,,,,,,rs2,,,,,rs1,,,,,001,,,imm[4:0],,,,,0100011,,,,,,,SH,1
,imm[11:5],,,,,,,rs2,,,,,rs1,,,,,010,,,imm[4:0],,,,,0100011,,,,,,,SW,1
,imm[11:0],,,,,,,,,,,,rs1,,,,,000,,,rd,,,,,0010011,,,,,,,ADDI,1
,imm[11:0],,,,,,,,,,,,rs1,,,,,010,,,rd,,,,,0010011,,,,,,,SLTI,1
,imm[11:0],,,,,,,,,,,,rs1,,,,,011,,,rd,,,,,0010011,,,,,,,SLTIU,1
,imm[11:0],,,,,,,,,,,,rs1,,,,,100,,,rd,,,,,0010011,,,,,,,XORI,1
,imm[11:0],,,,,,,,,,,,rs1,,,,,110,,,rd,,,,,0010011,,,,,,,ORI,1
,imm[11:0],,,,,,,,,,,,rs1,,,,,111,,,rd,,,,,0010011,,,,,,,ANDI,1
,0000000,,,,,,,shamt,,,,,rs1,,,,,001,,,rd,,,,,0010011,,,,,,,SLLI,1
,0000000,,,,,,,shamt,,,,,rs1,,,,,101,,,rd,,,,,0010011,,,,,,,SRLI,1
,0100000,,,,,,,shamt,,,,,rs1,,,,,101,,,rd,,,,,0010011,,,,,,,SRAI,1
,0000000,,,,,,,rs2,,,,,rs1,,,,,000,,,rd,,,,,0110011,,,,,,,ADD,1
,0100000,,,,,,,rs2,,,,,rs1,,,,,000,,,rd,,,,,0110011,,,,,,,SUB,1
,0000000,,,,,,,rs2,,,,,rs1,,,,,001,,,rd,,,,,0110011,,,,,,,SLL,1
,0000000,,,,,,,rs2,,,,,rs1,,,,,010,,,rd,,,,,0110011,,,,,,,SLT,1
,0000000,,,,,,,rs2,,,,,rs1,,,,,011,,,rd,,,,,0110011,,,,,,,SLTU,1
,0000000,,,,,,,rs2,,,,,rs1,,,,,100,,,rd,,,,,0110011,,,,,,,XOR,1
,0000000,,,,,,,rs2,,,,,rs1,,,,,101,,,rd,,,,,0110011,,,,,,,SRL,1
,0100000,,,,,,,rs2,,,,,rs1,,,,,101,,,rd,,,,,0110011,,,,,,,SRA,1
,0000000,,,,,,,rs2,,,,,rs1,,,,,110,,,rd,,,,,0110011,,,,,,,OR,1
,0000000,,,,,,,rs2,,,,,rs1,,,,,111,,,rd,,,,,0110011,,,,,,,AND,1
,0000,,,,prec,,,,succ,,,,00000,,,,,000,,,00000,,,,,0001111,,,,,,,FENCE,1
,0000,,,,0000,,,,0000,,,,00000,,,,,001,,,00000,,,,,0001111,,,,,,,FENCE.I,1
,000000000000,,,,,,,,,,,,00000,,,,,000,,,00000,,,,,1110011,,,,,,,ECALL,1
,000000000001,,,,,,,,,,,,00000,,,,,000,,,00000,,,,,1110011,,,,,,,EBREAK,1
,csr,,,,,,,,,,,,rs1,,,,,001,,,rd,,,,,1110011,,,,,,,CSRRW,1
,csr,,,,,,,,,,,,rs1,,,,,010,,,rd,,,,,1110011,,,,,,,CSRRS,1
,csr,,,,,,,,,,,,rs1,,,,,011,,,rd,,,,,1110011,,,,,,,CSRRC,1
,csr,,,,,,,,,,,,zimm,,,,,101,,,rd,,,,,1110011,,,,,,,CSRRWI,1
,csr,,,,,,,,,,,,zimm,,,,,110,,,rd,,,,,1110011,,,,,,,CSRRSI,1
,csr,,,,,,,,,,,,zimm,,,,,111,,,rd,,,,,1110011,,,,,,,CSRRCI,1
,,,,,,,,,,,,,,,,,,,,,,,,,,,,,,,,,RV64I,1
,imm[11:0],,,,,,,,,,,,rs1,,,,,110,,,rd,,,,,0000011,,,,,,,LWU,1
,imm[11:0],,,,,,,,,,,,rs1,,,,,011,,,rd,,,,,0000011,,,,,,,LD,1
,imm[11:5],,,,,,,rs2,,,,,rs1,,,,,011,,,imm[4:0],,,,,0100011,,,,,,,SD,1
,000000,,,,,,shamt,,,,,,rs1,,,,,001,,,rd,,,,,0010011,,,,,,,SLLI,1
,000000,,,,,,shamt,,,,,,rs1,,,,,101,,,rd,,,,,0010011,,,,,,,SRLI,1
,010000,,,,,,shamt,,,,,,rs1,,,,,101,,,rd,,,,,0010011,,,,,,,SRAI,1
,imm[11:0],,,,,,,,,,,,rs1,,,,,000,,,rd,,,,,0011011,,,,,,,ADDIW,1
,0000000,,,,,,,shamt,,,,,rs1,,,,,001,,,rd,,,,,0011011,,,,,,,SLLIW,1
,0000000,,,,,,,shamt,,,,,rs1,,,,,101,,,rd,,,,,0011011,,,,,,,SRLIW,1
,0100000,,,,,,,shamt,,,,,rs1,,,,,101,,,rd,,,,,0011011,,,,,,,SRAIW,1
,0000000,,,,,,,rs2,,,,,rs1,,,,,000,,,rd,,,,,0111011,,,,,,,ADDW,1
,0100000,,,,,,,rs2,,,,,rs1,,,,,000,,,rd,,,,,0111011,,,,,,,SUBW,1
,0000000,,,,,,,rs2,,,,,rs1,,,,,001,,,rd,,,,,0111011,,,,,,,SLLW,1
,0000000,,,,,,,rs2,,,,,rs1,,,,,101,,,rd,,,,,0111011,,,,,,,SRLW,1
,0100000,,,,,,,rs2,,,,,rs1,,,,,101,,,rd,,,,,0111011,,,,,,,SRAW,1
,,,,,,,,,,,,,,,,,,,,,,,,,,,,,,,,,RV32M,1
,0000001,,,,,,,rs2,,,,,rs1,,,,,000,,,rd,,,,,0110011,,,,,,,MUL,1
,0000001,,,,,,,rs2,,,,,rs1,,,,,001,,,rd,,,,,0110011,,,,,,,MULH,1
,0000001,,,,,,,rs2,,,,,rs1,,,,,010,,,rd,,,,,0110011,,,,,,,MULHSU,1
,0000001,,,,,,,rs2,,,,,rs1,,,,,011,,,rd,,,,,0110011,,,,,,,MULHU,1
,0000001,,,,,,,rs2,,,,,rs1,,,,,100,,,rd,,,,,0110011,,,,,,,DIV,1
,0000001,,,,,,,rs2,,,,,rs1,,,,,101,,,rd,,,,,0110011,,,,,,,DIVU,1
,0000001,,,,,,,rs2,,,,,rs1,,,,,110,,,rd,,,,,0110011,,,,,,,REM,1
,0000001,,,,,,,rs2,,,,,rs1,,,,,111,,,rd,,,,,0110011,,,,,,,REMU,1
,,,,,,,,,,,,,,,,,,,,,,,,,,,,,,,,,RV64M,1
,0000001,,,,,,,rs2,,,,,rs1,,,,,000,,,rd,,,,,0111011,,,,,,,MULW,1
,0000001,,,,,,,rs2,,,,,rs1,,,,,100,,,rd,,,,,0111011,,,,,,,DIVW,1
,0000001,,,,,,,rs2,,,,,rs1,,,,,101,,,rd,,,,,0111011,,,,,,,DIVUW,1
,0000001,,,,,,,rs2,,,,,rs1,,,,,110,,,rd,,,,,0111011,,,,,,,REMW,1
,0000001,,,,,,,rs2,,,,,rs1,,,,,111,,,rd,,,,,0111011,,,,,,,REMUW,1
,,,,,,,,,,,,,,,,,,,,,,,,,,,,,,,,,RV32A,0
,00010,,,,,aq,rl,00000,,,,,rs1,,,,,010,,,rd,,,,,0101111,,,,,,,LR.W,0
,00011,,,,,aq,rl,rs2,,,,,rs1,,,,,010,,,rd,,,,,0101111,,,,,,,SC.W,0
,00001,,,,,aq,rl,rs2,,,,,rs1,,,,,010,,,rd,,,,,0101111,,,,,,,AMOSWAP.W,0
,00000,,,,,aq,rl,rs2,,,,,rs1,,,,,010,,,rd,,,,,0101111,,,,,,,AMOADD.W,0
,00100,,,,,aq,rl,rs2,,,,,rs1,,,,,010,,,rd,,,,,0101111,,,,,,,AMOXOR.W,0
,01100,,,,,aq,rl,rs2,,,,,rs1,,,,,010,,,rd,,,,,0101111,,,,,,,AMOAND.W,0
,01000,,,,,aq,rl,rs2,,,,,rs1,,,,,010,,,rd,,,,,0101111,,,,,,,AMOOR.W,0
,10000,,,,,aq,rl,rs2,,,,,rs1,,,,,010,,,rd,,,,,0101111,,,,,,,AMOMIN.W,0
,10100,,,,,aq,rl,rs2,,,,,rs1,,,,,010,,,rd,,,,,0101111,,,,,,,AMOMAX.W,0
,11000,,,,,aq,rl,rs2,,,,,rs1,,,,,010,,,rd,,,,,0101111,,,,,,,AMOMINU.W,0
,11100,,,,,aq,rl,rs2,,,,,rs1,,,,,010,,,rd,,,,,0101111,,,,,,,AMOMAXU.W,0
,,,,,,,,,,,,,,,,,,,,,,,,,,,,,,,,,RV64A,0
,00010,,,,,aq,rl,00000,,,,,rs1,,,,,011,,,rd,,,,,0101111,,,,,,,LR.D,0
,00011,,,,,aq,rl,rs2,,,,,rs1,,,,,011,,,rd,,,,,0101111,,,,,,,SC.D,0
,00001,,,,,aq,rl,rs2,,,,,rs1,,,,,011,,,rd,,,,,0101111,,,,,,,AMOSWAP.D,0
,00000,,,,,aq,rl,rs2,,,,,rs1,,,,,011,,,rd,,,,,0101111,,,,,,,AMOADD.D,0
,00100,,,,,aq,rl,rs2,,,,,rs1,,,,,011,,,rd,,,,,0101111,,,,,,,AMOXOR.D,0
,01100,,,,,aq,rl,rs2,,,,,rs1,,,,,011,,,rd,,,,,0101111,,,,,,,AMOAND.D,0
,01000,,,,,aq,rl,rs2,,,,,rs1,,,,,011,,,rd,,,,,0101111,,,,,,,AMOOR.D,0
,10000,,,,,aq,rl,rs2,,,,,rs1,,,,,011,,,rd,,,,,0101111,,,,,,,AMOMIN.D,0
,10100,,,,,aq,rl,rs2,,,,,rs1,,,,,011,,,rd,,,,,0101111,,,,,,,AMOMAX.D,0
,11000,,,,,aq,rl,rs2,,,,,rs1,,,,,011,,,rd,,,,,0101111,,,,,,,AMOMINU.D,0
,11100,,,,,aq,rl,rs2,,,,,rs1,,,,,011,,,rd,,,,,0101111,,,,,,,AMOMAXU.D,0
,,,,,,,,,,,,,,,,,,,,,,,,,,,,,,,,,RV32F,1
,imm[11:0],,,,,,,,,,,,rs1,,,,,010,,,rd,,,,,0000111,,,,,,,FLW,1
,imm[11:5],,,,,,,rs2,,,,,rs1,,,,,010,,,imm[4:0],,,,,0100111,,,,,,,FSW,1
,rs3,,,,,00,,rs2,,,,,rs1,,,,,rm,,,rd,,,,,1000011,,,,,,,FMADD.S,1
,rs3,,,,,00,,rs2,,,,,rs1,,,,,rm,,,rd,,,,,1000111,,,,,,,FMSUB.S,1
,rs3,,,,,00,,rs2,,,,,rs1,,,,,rm,,,rd,,,,,1001011,,,,,,,FNMSUB.S,1
,rs3,,,,,00,,rs2,,,,,rs1,,,,,rm,,,rd,,,,,1001111,,,,,,,FNMADD.S,1
,0000000,,,,,,,rs2,,,,,rs1,,,,,rm,,,rd,,,,,1010011,,,,,,,FADD.S,1
,0000100,,,,,,,rs2,,,,,rs1,,,,,rm,,,rd,,,,,1010011,,,,,,,FSUB.S,1
,0001000,,,,,,,rs2,,,,,rs1,,,,,rm,,,rd,,,,,1010011,,,,,,,FMUL.S,1
,0001100,,,,,,,rs2,,,,,rs1,,,,,rm,,,rd,,,,,1010011,,,,,,,FDIV.S,1
,0101100,,,,,,,00000,,,,,rs1,,,,,rm,,,rd,,,,,1010011,,,,,,,FSQRT.S,1
,0010000,,,,,,,rs2,,,,,rs1,,,,,000,,,rd,,,,,1010011,,,,,,,FSGNJ.S,1
,0010000,,,,,,,rs2,,,,,rs1,,,,,001,,,rd,,,,,1010011,,,,,,,FSGNJN.S,1
,0010000,,,,,,,rs2,,,,,rs1,,,,,010,,,rd,,,,,1010011,,,,,,,FSGNJX.S,1
,0010100,,,,,,,rs2,,,,,rs1,,,,,000,,,rd,,,,,1010011,,,,,,,FMIN.S,1
,0010100,,,,,,,rs2,,,,,rs1,,,,,001,,,rd,,,,,1010011,,,,,,,FMAX.S,1
,1100000,,,,,,,00000,,,,,rs1,,,,,rm,,,rd,,,,,1010011,,,,,,,FCVT.W.S,1
,1100000,,,,,,,00001,,,,,rs1,,,,,rm,,,rd,,,,,1010011,,,,,,,FCVT.WU.S,1
,1110000,,,,,,,00000,,,,,rs1,,,,,000,,,rd,,,,,1010011,,,,,,,FMV.X.W,1
,1010000,,,,,,,rs2,,,,,rs1,,,,,010,,,rd,,,,,1010011,,,,,,,FEQ.S,1
,1010000,,,,,,,rs2,,,,,rs1,,,,,001,,,rd,,,,,1010011,,,,,,,FLT.S,1
,1010000,,,,,,,rs2,,,,,rs1,,,,,000,,,rd,,,,,1010011,,,,,,,FLE.S,1
,1110000,,,,,,,00000,,,,,rs1,,,,,001,,,rd,,,,,1010011,,,,,,,FCLASS.S,1
,1101000,,,,,,,00000,,,,,rs1,,,,,rm,,,rd,,,,,1010011,,,,,,,FCVT.S.W,1
,1101000,,,,,,,00001,,,,,rs1,,,,,rm,,,rd,,,,,1010011,,,,,,,FCVT.S.WU,1
,1111000,,,,,,,00000,,,,,rs1,,,,,000,,,rd,,,,,1010011,,,,,,,FMV.W.X,1
,,,,,,,,,,,,,,,,,,,,,,,,,,,,,,,,,RV64F,1
,1100000,,,,,,,00010,,,,,rs1,,,,,rm,,,rd,,,,,1010011,,,,,,,FCVT.L.S,1
,1100000,,,,,,,00011,,,,,rs1,,,,,rm,,,rd,,,,,1010011,,,,,,,FCVT.LU.S,1
,1101000,,,,,,,00010,,,,,rs1,,,,,rm,,,rd,,,,,1010011,,,,,,,FCVT.S.L,1
,1101000,,,,,,,00011,,,,,rs1,,,,,rm,,,rd,,,,,1010011,,,,,,,FCVT.S.LU,1
,,,,,,,,,,,,,,,,,,,,,,,,,,,,,,,,,RV32D,0
,imm[11:0],,,,,,,,,,,,rs1,,,,,011,,,rd,,,,,0000111,,,,,,,FLD,0
,imm[11:5],,,,,,,rs2,,,,,rs1,,,,,011,,,imm[4:0],,,,,0100111,,,,,,,FSD,0
,rs3,,,,,01,,rs2,,,,,rs1,,,,,rm,,,rd,,,,,1000011,,,,,,,FMADD.D,0
,rs3,,,,,01,,rs2,,,,,rs1,,,,,rm,,,rd,,,,,1000111,,,,,,,FMSUB.D,0
,rs3,,,,,01,,rs2,,,,,rs1,,,,,rm,,,rd,,,,,1001011,,,,,,,FNMSUB.D,0
,rs3,,,,,01,,rs2,,,,,rs1,,,,,rm,,,rd,,,,,1001111,,,,,,,FNMADD.D,0
,0000001,,,,,,,rs2,,,,,rs1,,,,,rm,,,rd,,,,,1010011,,,,,,,FADD.D,0
,0000101,,,,,,,rs2,,,,,rs1,,,,,rm,,,rd,,,,,1010011,,,,,,,FSUB.D,0
,0001001,,,,,,,rs2,,,,,rs1,,,,,rm,,,rd,,,,,1010011,,,,,,,FMUL.D,0
,0001101,,,,,,,rs2,,,,,rs1,,,,,rm,,,rd,,,,,1010011,,,,,,,FDIV.D,0
,0101101,,,,,,,00000,,,,,rs1,,,,,rm,,,rd,,,,,1010011,,,,,,,FSQRT.D,0
,0010001,,,,,,,rs2,,,,,rs1,,,,,000,,,rd,,,,,1010011,,,,,,,FSGNJ.D,0
,0010001,,,,,,,rs2,,,,,rs1,,,,,001,,,rd,,,,,1010011,,,,,,,FSGNJN.D,0
,0010001,,,,,,,rs2,,,,,rs1,,,,,010,,,rd,,,,,1010011,,,,,,,FSGNJX.D,0
,0010101,,,,,,,rs2,,,,,rs1,,,,,000,,,rd,,,,,1010011,,,,,,,FMIN.D,0
,0010101,,,,,,,rs2,,,,,rs1,,,,,001,,,rd,,,,,1010011,,,,,,,FMAX.D,0
,0100000,,,,,,,00001,,,,,rs1,,,,,rm,,,rd,,,,,1010011,,,,,,,FCVT.S.D,0
,0100001,,,,,,,00000,,,,,rs1,,,,,rm,,,rd,,,,,1010011,,,,,,,FCVT.D.S,0
,1010001,,,,,,,rs2,,,,,rs1,,,,,010,,,rd,,,,,1010011,,,,,,,FEQ.D,0
,1010001,,,,,,,rs2,,,,,rs1,,,,,001,,,rd,,,,,1010011,,,,,,,FLT.D,0
,1010001,,,,,,,rs2,,,,,rs1,,,,,000,,,rd,,,,,1010011,,,,,,,FLE.D,0
,1110001,,,,,,,00000,,,,,rs1,,,,,001,,,rd,,,,,1010011,,,,,,,FCLASS.D,0
,1100001,,,,,,,00000,,,,,rs1,,,,,rm,,,rd,,,,,1010011,,,,,,,FCVT.W.D,0
,1100001,,,,,,,00001,,,,,rs1,,,,,rm,,,rd,,,,,1010011,,,,,,,FCVT.WU.D,0
,1101001,,,,,,,00000,,,,,rs1,,,,,rm,,,rd,,,,,1010011,,,,,,,FCVT.D.W,0
,1101001,,,,,,,00001,,,,,rs1,,,,,rm,,,rd,,,,,1010011,,,,,,,FCVT.D.WU,0
,,,,,,,,,,,,,,,,,,,,,,,,,,,,,,,,,RV64D,0
,1100001,,,,,,,00010,,,,,rs1,,,,,rm,,,rd,,,,,1010011,,,,,,,FCVT.L.D,0
,1100001,,,,,,,00011,,,,,rs1,,,,,rm,,,rd,,,,,1010011,,,,,,,FCVT.LU.D,0
,1110001,,,,,,,00000,,,,,rs1,,,,,000,,,rd,,,,,1010011,,,,,,,FMV.X.D,0
,1101001,,,,,,,00010,,,,,rs1,,,,,rm,,,rd,,,,,1010011,,,,,,,FCVT.D.L,0
,1101001,,,,,,,00011,,,,,rs1,,,,,rm,,,rd,,,,,1010011,,,,,,,FCVT.D.LU,0
,1111001,,,,,,,00000,,,,,rs1,,,,,000,,,rd,,,,,1010011,,,,,,,FMV.D.X,0
,,,,,,,,,,,,,,,,,,,,,,,,,,,,,,,,,ET,1
,imm[11:0],,,,,,,,,,,,rs1,,,,,100,,,rd,,,,,0000111,,,,,,,FLQ,0
,imm[11:5],,,,,,,rs2,,,,,rs1,,,,,100,,,imm[4:0],,,,,0100111,,,,,,,FSQ,0
,imm[11:0],,,,,,,,,,,,rs1,,,,,101,,,rd,,,,,0000111,,,,,,,FLQ2,1
,imm[11:5],,,,,,,rs2,,,,,rs1,,,,,101,,,imm[4:0],,,,,0100111,,,,,,,FSQ2,1
,imm[11:0],,,,,,,,,,,,rs1,,,,,010,,,rd,,,,,0001011,,,,,,,FLW.PS,1
,imm[11:5],,,,,,,rs2,,,,,rs1,,,,,110,,,imm[4:0],,,,,0001011,,,,,,,FSW.PS,1
,imm[11:0],,,,,,,,,,,,rs1,,,,,000,,,rd,,,,,0001011,,,,,,,FBC.PS,1
,000000000000,,,,,,,,,,,,rs1,,,,,011,,,rd,,,,,0001011,,,,,,,FBCX.PS,1
,imm[19:0],,,,,,,,,,,,,,,,,,,,rd,,,,,0011111,,,,,,,FBCI.PS,1
,00100,,,,,00,,rs2,,,,,rs1,,,,,001,,,rd,,,,,0001011,,,,,,,FG32W.PS,1
,00010,,,,,00,,rs2,,,,,rs1,,,,,001,,,rd,,,,,0001011,,,,,,,FG32H.PS,1
,00001,,,,,00,,rs2,,,,,rs1,,,,,001,,,rd,,,,,0001011,,,,,,,FG32B.PS,1
,10100,,,,,00,,rs2,,,,,rs1,,,,,001,,,rs3,,,,,0001011,,,,,,,FSC32W.PS,1
,10010,,,,,00,,rs2,,,,,rs1,,,,,001,,,rs3,,,,,0001011,,,,,,,FSC32H.PS,1
,10001,,,,,00,,rs2,,,,,rs1,,,,,001,,,rs3,,,,,0001011,,,,,,,FSC32B.PS,1
,01100,,,,,00,,rs2,,,,,rs1,,,,,001,,,rd,,,,,0001011,,,,,,,FGW.PS,1
,01010,,,,,00,,rs2,,,,,rs1,,,,,001,,,rd,,,,,0001011,,,,,,,FGH.PS,1
,01001,,,,,00,,rs2,,,,,rs1,,,,,001,,,rd,,,,,0001011,,,,,,,FGB.PS,1
,11100,,,,,00,,rs2,,,,,rs1,,,,,001,,,rs3,,,,,0001011,,,,,,,FSCW.PS,1
,11010,,,,,00,,rs2,,,,,rs1,,,,,001,,,rs3,,,,,0001011,,,,,,,FSCH.PS,1
,11001,,,,,00,,rs2,,,,,rs1,,,,,001,,,rs3,,,,,0001011,,,,,,,FSCB.PS,1
,00000,,,,,00,,rs2,,,,,rs1,,,,,rm,,,rd,,,,,1111011,,,,,,,FADD.PS,1
,00001,,,,,00,,rs2,,,,,rs1,,,,,rm,,,rd,,,,,1111011,,,,,,,FSUB.PS,1
,00010,,,,,00,,rs2,,,,,rs1,,,,,rm,,,rd,,,,,1111011,,,,,,,FMUL.PS,1
,00011,,,,,00,,rs2,,,,,rs1,,,,,rm,,,rd,,,,,1111011,,,,,,,FDIV.PS,1
,00101,,,,,00,,rs2,,,,,rs1,,,,,000,,,rd,,,,,1111011,,,,,,,FMIN.PS,1
,00101,,,,,00,,rs2,,,,,rs1,,,,,001,,,rd,,,,,1111011,,,,,,,FMAX.PS,1
,rs3,,,,,00,,rs2,,,,,rs1,,,,,rm,,,rd,,,,,1011011,,,,,,,FMADD.PS,1
,rs3,,,,,01,,rs2,,,,,rs1,,,,,rm,,,rd,,,,,1011011,,,,,,,FMSUB.PS,1
,rs3,,,,,10,,rs2,,,,,rs1,,,,,rm,,,rd,,,,,1011011,,,,,,,FNMSUB.PS,1
,rs3,,,,,11,,rs2,,,,,rs1,,,,,rm,,,rd,,,,,1011011,,,,,,,FNMADD.PS,1
,rs3,,,,,10,,rs2,,,,,rs1,,,,,010,,,rd,,,,,0111111,,,,,,,FCMOV.PS,1
,11100,,,,,11,,imm[7:3],,,,,rs1,,,,,imm[2:0],,,rd,,,,,1111011,,,,,,,FSWIZZ.PS,1
,11000,,,,,00,,00000,,,,,rs1,,,,,rm,,,rd,,,,,1111011,,,,,,,FCVT.PW.PS,1
,11000,,,,,00,,00001,,,,,rs1,,,,,rm,,,rd,,,,,1111011,,,,,,,FCVT.PWU.PS,1
,11010,,,,,00,,00000,,,,,rs1,,,,,rm,,,rd,,,,,1111011,,,,,,,FCVT.PS.PW,1
,11010,,,,,00,,00001,,,,,rs1,,,,,rm,,,rd,,,,,1111011,,,,,,,FCVT.PS.PWU,1
,11100,,,,,00,,00,,idx[2:0],,,rs1,,,,,000,,,rd,,,,,1111011,,,,,,,FMVZ.X.PS,1
,11100,,,,,00,,00,,idx[2:0],,,rs1,,,,,010,,,rd,,,,,1111011,,,,,,,FMVS.X.PS,1
,00100,,,,,00,,rs2,,,,,rs1,,,,,001,,,rd,,,,,1111011,,,,,,,FSGNJN.PS,1
,00100,,,,,00,,rs2,,,,,rs1,,,,,000,,,rd,,,,,1111011,,,,,,,FSGNJ.PS,1
,00100,,,,,00,,rs2,,,,,rs1,,,,,010,,,rd,,,,,1111011,,,,,,,FSGNJX.PS,1
,10100,,,,,00,,rs2,,,,,rs1,,,,,000,,,rd,,,,,1111011,,,,,,,FLE.PS,1
,10100,,,,,00,,rs2,,,,,rs1,,,,,001,,,rd,,,,,1111011,,,,,,,FLT.PS,1
,10100,,,,,00,,rs2,,,,,rs1,,,,,010,,,rd,,,,,1111011,,,,,,,FEQ.PS,1
,10100,,,,,00,,rs2,,,,,rs1,,,,,100,,,00,,rd,,,1111011,,,,,,,FLEM.PS,1
,10100,,,,,00,,rs2,,,,,rs1,,,,,101,,,00,,rd,,,1111011,,,,,,,FLTM.PS,1
,10100,,,,,00,,rs2,,,,,rs1,,,,,110,,,00,,rd,,,1111011,,,,,,,FEQM.PS,1
,11100,,,,,00,,00000,,,,,rs1,,,,,001,,,rd,,,,,1111011,,,,,,,FCLASS.PS,1
,11100,,,,,00,,00000,,,,,rs1,,,,,101,,,00,,rd,,,1111011,,,,,,,FSETM.PS,0
,11010,,,,,00,,01000,,,,,rs1,,,,,000,,,rd,,,,,1111011,,,,,,,FCVT.PS.F10,1
,11010,,,,,00,,01001,,,,,rs1,,,,,000,,,rd,,,,,1111011,,,,,,,FCVT.PS.F11,1
,11010,,,,,00,,01010,,,,,rs1,,,,,000,,,rd,,,,,1111011,,,,,,,FCVT.PS.F16,1
,11010,,,,,00,,10000,,,,,rs1,,,,,000,,,rd,,,,,1111011,,,,,,,FCVT.PS.UN24,1
,11010,,,,,00,,10001,,,,,rs1,,,,,000,,,rd,,,,,1111011,,,,,,,FCVT.PS.UN16,1
,11010,,,,,00,,10010,,,,,rs1,,,,,000,,,rd,,,,,1111011,,,,,,,FCVT.PS.UN10,1
,11010,,,,,00,,10011,,,,,rs1,,,,,000,,,rd,,,,,1111011,,,,,,,FCVT.PS.UN8,1
,11010,,,,,00,,10111,,,,,rs1,,,,,000,,,rd,,,,,1111011,,,,,,,FCVT.PS.UN2,1
,11010,,,,,00,,11001,,,,,rs1,,,,,000,,,rd,,,,,1111011,,,,,,,FCVT.PS.SN16,1
,11010,,,,,00,,11011,,,,,rs1,,,,,000,,,rd,,,,,1111011,,,,,,,FCVT.PS.SN8,1
,11011,,,,,00,,01000,,,,,rs1,,,,,000,,,rd,,,,,1111011,,,,,,,FCVT.F11.PS,1
,11011,,,,,00,,01001,,,,,rs1,,,,,000,,,rd,,,,,1111011,,,,,,,FCVT.F16.PS,1
,11011,,,,,00,,01011,,,,,rs1,,,,,000,,,rd,,,,,1111011,,,,,,,FCVT.F10.PS,1
,11011,,,,,00,,10000,,,,,rs1,,,,,000,,,rd,,,,,1111011,,,,,,,FCVT.UN24.PS,1
,11011,,,,,00,,10001,,,,,rs1,,,,,000,,,rd,,,,,1111011,,,,,,,FCVT.UN16.PS,1
,11011,,,,,00,,10010,,,,,rs1,,,,,000,,,rd,,,,,1111011,,,,,,,FCVT.UN10.PS,1
,11011,,,,,00,,10011,,,,,rs1,,,,,000,,,rd,,,,,1111011,,,,,,,FCVT.UN8.PS,1
,11011,,,,,00,,10111,,,,,rs1,,,,,000,,,rd,,,,,1111011,,,,,,,FCVT.UN2.PS,1
,11011,,,,,00,,11001,,,,,rs1,,,,,000,,,rd,,,,,1111011,,,,,,,FCVT.SN16.PS,1
,11011,,,,,00,,11011,,,,,rs1,,,,,000,,,rd,,,,,1111011,,,,,,,FCVT.SN8.PS,1
,imm[19:0],,,,,,,,,,,,,,,,,,,,rd,,,,,1011111,,,,,,,FBCI.PI,1
,00000,,,,,11,,rs2,,,,,rs1,,,,,000,,,rd,,,,,1111011,,,,,,,FADD.PI,1
,00001,,,,,11,,rs2,,,,,rs1,,,,,000,,,rd,,,,,1111011,,,,,,,FSUB.PI,1
,00010,,,,,11,,rs2,,,,,rs1,,,,,000,,,rd,,,,,1111011,,,,,,,FMUL.PI,1
,00010,,,,,11,,rs2,,,,,rs1,,,,,001,,,rd,,,,,1111011,,,,,,,FMULH.PI,1
,00010,,,,,11,,rs2,,,,,rs1,,,,,010,,,rd,,,,,1111011,,,,,,,FMULHU.PI,1
,00010,,,,,11,,rs2,,,,,rs1,,,,,011,,,rd,,,,,1111011,,,,,,,FMULHSU.PI,0
,00011,,,,,11,,rs2,,,,,rs1,,,,,000,,,rd,,,,,1111011,,,,,,,FDIV.PI,1
,00011,,,,,11,,rs2,,,,,rs1,,,,,001,,,rd,,,,,1111011,,,,,,,FDIVU.PI,1
,00011,,,,,11,,rs2,,,,,rs1,,,,,010,,,rd,,,,,1111011,,,,,,,FREM.PI,1
,00011,,,,,11,,rs2,,,,,rs1,,,,,011,,,rd,,,,,1111011,,,,,,,FREMU.PI,1
,00101,,,,,11,,rs2,,,,,rs1,,,,,000,,,rd,,,,,1111011,,,,,,,FMIN.PI,1
,00101,,,,,11,,rs2,,,,,rs1,,,,,001,,,rd,,,,,1111011,,,,,,,FMAX.PI,1
,00101,,,,,11,,rs2,,,,,rs1,,,,,010,,,rd,,,,,1111011,,,,,,,FMINU.PI,1
,00101,,,,,11,,rs2,,,,,rs1,,,,,011,,,rd,,,,,1111011,,,,,,,FMAXU.PI,1
,01000,,,,,11,,rs2,,,,,rs1,,,,,000,,,rd,,,,,1111011,,,,,,,FADD.PQ,0
,00111,,,,,11,,rs2,,,,,rs1,,,,,000,,,00,,rd,,,1111011,,,,,,,FLTM.PI,1
,00000,,,,,11,,rs2,,,,,rs1,,,,,111,,,rd,,,,,1111011,,,,,,,FAND.PI,1
,00000,,,,,11,,rs2,,,,,rs1,,,,,110,,,rd,,,,,1111011,,,,,,,FOR.PI,1
,00000,,,,,11,,00000,,,,,rs1,,,,,010,,,rd,,,,,1111011,,,,,,,FNOT.PI,1
,00000,,,,,11,,00000,,,,,rs1,,,,,011,,,rd,,,,,1111011,,,,,,,FSAT8.PI,1
,00000,,,,,11,,00001,,,,,rs1,,,,,011,,,rd,,,,,1111011,,,,,,,FSATU8.PI,1
,00000,,,,,11,,rs2,,,,,rs1,,,,,100,,,rd,,,,,1111011,,,,,,,FXOR.PI,1
,00000,,,,,11,,rs2,,,,,rs1,,,,,001,,,rd,,,,,1111011,,,,,,,FSLL.PI,1
,00000,,,,,11,,rs2,,,,,rs1,,,,,101,,,rd,,,,,1111011,,,,,,,FSRL.PI,1
,00001,,,,,11,,rs2,,,,,rs1,,,,,101,,,rd,,,,,1111011,,,,,,,FSRA.PI,1
,10100,,,,,11,,rs2,,,,,rs1,,,,,000,,,rd,,,,,1111011,,,,,,,FLE.PI,1
,10100,,,,,11,,rs2,,,,,rs1,,,,,001,,,rd,,,,,1111011,,,,,,,FLT.PI,1
,10100,,,,,11,,rs2,,,,,rs1,,,,,010,,,rd,,,,,1111011,,,,,,,FEQ.PI,1
,10100,,,,,11,,rs2,,,,,rs1,,,,,011,,,rd,,,,,1111011,,,,,,,FLTU.PI,1
,10100,,,,,11,,00000,,,,,rs1,,,,,100,,,00,,rd,,,1111011,,,,,,,FSETM.PI,1
,imm[9:5],,,,,10,,imm[4:0],,,,,rs1,,,,,000,,,rd,,,,,0111111,,,,,,,FADDI.PI,1
,imm[9:5],,,,,10,,imm[4:0],,,,,rs1,,,,,001,,,rd,,,,,0111111,,,,,,,FANDI.PI,1
,01001,,,,,11,,imm[4:0],,,,,rs1,,,,,001,,,rd,,,,,1111011,,,,,,,FSLLI.PI,1
,11101,,,,,imm[4:3],,rs2,,,,,rs1,,,,,imm[2:0],,,rd,,,,,1111011,,,,,,,FSLIOI.PI,0
,01001,,,,,11,,imm[4:0],,,,,rs1,,,,,101,,,rd,,,,,1111011,,,,,,,FSRLI.PI,1
,01001,,,,,11,,imm[4:0],,,,,rs1,,,,,111,,,rd,,,,,1111011,,,,,,,FSRAI.PI,1
,01011,,,,,00,,00110,,,,,rs1,,,,,000,,,rd,,,,,1111011,,,,,,,FSIN.PS,1
,01011,,,,,00,,00101,,,,,rs1,,,,,000,,,rd,,,,,1111011,,,,,,,FCOS.PS,0
,01011,,,,,00,,00100,,,,,rs1,,,,,000,,,rd,,,,,1111011,,,,,,,FEXP.PS,1
,01011,,,,,00,,00011,,,,,rs1,,,,,000,,,rd,,,,,1111011,,,,,,,FLOG.PS,1
,01011,,,,,00,,00010,,,,,rs1,,,,,000,,,rd,,,,,1111011,,,,,,,FFRC.PS,1
,01011,,,,,00,,00001,,,,,rs1,,,,,rm,,,rd,,,,,1111011,,,,,,,FROUND.PS,1
,01011,,,,,00,,00000,,,,,rs1,,,,,000,,,rd,,,,,1111011,,,,,,,FSQRT.PS,1
,01011,,,,,00,,00111,,,,,rs1,,,,,000,,,rd,,,,,1111011,,,,,,,FRCP.PS,1
,01011,,,,,00,,01000,,,,,rs1,,,,,000,,,rd,,,,,1111011,,,,,,,FRSQ.PS,1
,01011,,,,,00,,01001,,,,,rs1,,,,,000,,,rd,,,,,1111011,,,,,,,FRCPFXP.PS,0
,10000,,,,,00,,rs2,,,,,rs1,,,,,rm,,,rd,,,,,1111011,,,,,,,FLTABS.PS,0
,10001,,,,,00,,rs2,,,,,rs1,,,,,000,,,rd,,,,,1111011,,,,,,,CUBEFACE.PS,1
,10001,,,,,00,,rs2,,,,,rs1,,,,,001,,,rd,,,,,1111011,,,,,,,CUBEFACEIDX.PS,1
,10001,,,,,00,,rs2,,,,,rs1,,,,,010,,,rd,,,,,1111011,,,,,,,CUBESGNSC.PS,1
,10001,,,,,00,,rs2,,,,,rs1,,,,,011,,,rd,,,,,1111011,,,,,,,CUBESGNTC.PS,1
,1000000,,,,,,,rs2,,,,,rs1,,,,,001,,,00000,,,,,0111011,,,,,,,TEXSENDH,0
,1000000,,,,,,,00,,channel,,,rs1,,,,,101,,,00000,,,,,0111011,,,,,,,TEXRCV,0
,1000000,,,,,,,00000,,,,,rs1,,,,,010,,,00000,,,,,0111011,,,,,,,TEXSENDS,0
,1000000,,,,,,,00000,,,,,rs1,,,,,011,,,00000,,,,,0111011,,,,,,,TEXSENDT,0
,1000000,,,,,,,00000,,,,,rs1,,,,,100,,,00000,,,,,0111011,,,,,,,TEXSENDR,0
,01010,,,,,11,,imm[7:3],,,,,rs1,,,,,imm[2:0],,,00,,rd,,,1111011,,,,,,,MOV.M.X,1
,11010,,,,,11,,00000,,,,,00000,,,,,000,,,rd,,,,,1111011,,,,,,,MOVA.X.M,1
,11010,,,,,11,,00000,,,,,rs1,,,,,001,,,00000,,,,,1111011,,,,,,,MOVA.M.X,1
,01100,,,,,11,,00,,rs2,,,00,,rs1,,,111,,,00,,rd,,,1111011,,,,,,,MASKAND,1
,01100,,,,,11,,00,,rs2,,,00,,rs1,,,110,,,00,,rd,,,1111011,,,,,,,MASKOR,1
,01100,,,,,11,,00000,,,,,00,,rs1,,,010,,,00,,rd,,,1111011,,,,,,,MASKNOT,1
,01100,,,,,11,,00,,rs2,,,00,,rs1,,,100,,,00,,rd,,,1111011,,,,,,,MASKXOR,1
,01010,,,,,01,,00000,,,,,00,,rs1,,,000,,,rd,,,,,1111011,,,,,,,MASKPOPC,1
,01010,,,,,10,,00000,,,,,00,,rs1,,,000,,,rd,,,,,1111011,,,,,,,MASKPOPCZ,1
,01011,,,,,11,,imm[3:2],,rs2,,,imm[1:0],,rs1,,,000,,,rd,,,,,1111011,,,,,,,MASKPOPC.RAST,1
,1000000,,,,,,,rs2,,,,,rs1,,,,,110,,,rd,,,,,0111011,,,,,,,PACKB,1
,1000000,,,,,,,rs2,,,,,rs1,,,,,111,,,rd,,,,,0111011,,,,,,,BITMIXB,1
,00100,,,,,11,,00000,,,,,rs1,,,,,000,,,rd,,,,,1111011,,,,,,,FPACKREPB.PI,1
,00100,,,,,11,,00000,,,,,rs1,,,,,001,,,rd,,,,,1111011,,,,,,,FPACKREPH.PI,1
,00000,,,,,00,,rs2,,,,,rs1,,,,,000,,,rd,,,,,1110111,,,,,,,FCMOVM.PS,1
,00110,,,,,00,,rs2,,,,,rs1,,,,,000,,,rd,,,,,1111011,,,,,,,FRCP_FIX.RAST,1
,11000,,,,,00,,00010,,,,,rs1,,,,,000,,,rd,,,,,1111011,,,,,,,FCVT.RAST.PS,1
,11010,,,,,00,,00010,,,,,rs1,,,,,000,,,rd,,,,,1111011,,,,,,,FCVT.PS.RAST,1
,imm[11:5],,,,,,,rs2,,,,,rs1,,,,,111,,,imm[4:0],,,,,0001011,,,,,,,FSWPC.PS,0
,00010,,,,,00,,00000,,,,,rs1,,,,,111,,,rd,,,,,0001011,,,,,,,FLWL.PS,1
,01010,,,,,00,,00000,,,,,rs1,,,,,111,,,rs2,,,,,0001011,,,,,,,FSWL.PS,1
,10000,,,,,00,,rs2,,,,,rs1,,,,,111,,,rd,,,,,0001011,,,,,,,FGBL.PS,1
,10001,,,,,00,,rs2,,,,,rs1,,,,,111,,,rd,,,,,0001011,,,,,,,FGHL.PS,1
,10010,,,,,00,,rs2,,,,,rs1,,,,,111,,,rd,,,,,0001011,,,,,,,FGWL.PS,1
,11000,,,,,00,,rs2,,,,,rs1,,,,,111,,,rs3,,,,,0001011,,,,,,,FSCBL.PS,1
,11001,,,,,00,,rs2,,,,,rs1,,,,,111,,,rs3,,,,,0001011,,,,,,,FSCHL.PS,1
,11010,,,,,00,,rs2,,,,,rs1,,,,,111,,,rs3,,,,,0001011,,,,,,,FSCWL.PS,1
,00010,,,,,01,,00000,,,,,rs1,,,,,111,,,rd,,,,,0001011,,,,,,,FLWG.PS,1
,01010,,,,,01,,00000,,,,,rs1,,,,,111,,,rs2,,,,,0001011,,,,,,,FSWG.PS,1
,10000,,,,,01,,rs2,,,,,rs1,,,,,111,,,rd,,,,,0001011,,,,,,,FGBG.PS,1
,10001,,,,,01,,rs2,,,,,rs1,,,,,111,,,rd,,,,,0001011,,,,,,,FGHG.PS,1
,10010,,,,,01,,rs2,,,,,rs1,,,,,111,,,rd,,,,,0001011,,,,,,,FGWG.PS,1
,11000,,,,,01,,rs2,,,,,rs1,,,,,111,,,rs3,,,,,0001011,,,,,,,FSCBG.PS,1
,11001,,,,,01,,rs2,,,,,rs1,,,,,111,,,rs3,,,,,0001011,,,,,,,FSCHG.PS,1
,11010,,,,,01,,rs2,,,,,rs1,,,,,111,,,rs3,,,,,0001011,,,,,,,FSCWG.PS,1
,00000,,,,,11,,rs2,,,,,rs1,,,,,100,,,rd,,,,,0001011,,,,,,,FAMOADDL.PI,1
,00001,,,,,11,,rs2,,,,,rs1,,,,,100,,,rd,,,,,0001011,,,,,,,FAMOSWAPL.PI,1
,00010,,,,,11,,rs2,,,,,rs1,,,,,100,,,rd,,,,,0001011,,,,,,,FAMOANDL.PI,1
,00011,,,,,11,,rs2,,,,,rs1,,,,,100,,,rd,,,,,0001011,,,,,,,FAMOORL.PI,1
,00100,,,,,11,,rs2,,,,,rs1,,,,,100,,,rd,,,,,0001011,,,,,,,FAMOXORL.PI,1
,00101,,,,,11,,rs2,,,,,rs1,,,,,100,,,rd,,,,,0001011,,,,,,,FAMOMINL.PI,1
,00110,,,,,11,,rs2,,,,,rs1,,,,,100,,,rd,,,,,0001011,,,,,,,FAMOMAXL.PI,1
,00111,,,,,11,,rs2,,,,,rs1,,,,,100,,,rd,,,,,0001011,,,,,,,FAMOMINUL.PI,1
,01000,,,,,11,,rs2,,,,,rs1,,,,,100,,,rd,,,,,0001011,,,,,,,FAMOMAXUL.PI,1
,00101,,,,,00,,rs2,,,,,rs1,,,,,100,,,rd,,,,,0001011,,,,,,,FAMOMAXL.PS,1
,00110,,,,,00,,rs2,,,,,rs1,,,,,100,,,rd,,,,,0001011,,,,,,,FAMOMINL.PS,1
,10000,,,,,11,,rs2,,,,,rs1,,,,,100,,,rd,,,,,0001011,,,,,,,FAMOADDG.PI,1
,10001,,,,,11,,rs2,,,,,rs1,,,,,100,,,rd,,,,,0001011,,,,,,,FAMOSWAPG.PI,1
,10010,,,,,11,,rs2,,,,,rs1,,,,,100,,,rd,,,,,0001011,,,,,,,FAMOANDG.PI,1
,10011,,,,,11,,rs2,,,,,rs1,,,,,100,,,rd,,,,,0001011,,,,,,,FAMOORG.PI,1
,10100,,,,,11,,rs2,,,,,rs1,,,,,100,,,rd,,,,,0001011,,,,,,,FAMOXORG.PI,1
,10101,,,,,11,,rs2,,,,,rs1,,,,,100,,,rd,,,,,0001011,,,,,,,FAMOMING.PI,1
,10110,,,,,11,,rs2,,,,,rs1,,,,,100,,,rd,,,,,0001011,,,,,,,FAMOMAXG.PI,1
,10111,,,,,11,,rs2,,,,,rs1,,,,,100,,,rd,,,,,0001011,,,,,,,FAMOMINUG.PI,1
,11000,,,,,11,,rs2,,,,,rs1,,,,,100,,,rd,,,,,0001011,,,,,,,FAMOMAXUG.PI,1
,10101,,,,,00,,rs2,,,,,rs1,,,,,100,,,rd,,,,,0001011,,,,,,,FAMOMAXG.PS,1
,10110,,,,,00,,rs2,,,,,rs1,,,,,100,,,rd,,,,,0001011,,,,,,,FAMOMING.PS,1
,00001,,,,,0,0,rs2,,,,,rs1,,,,,010,,,rd,,,,,0111011,,,,,,,AMOSWAPL.W,1
,00000,,,,,0,0,rs2,,,,,rs1,,,,,010,,,rd,,,,,0111011,,,,,,,AMOADDL.W,1
,00100,,,,,0,0,rs2,,,,,rs1,,,,,010,,,rd,,,,,0111011,,,,,,,AMOXORL.W,1
,01100,,,,,0,0,rs2,,,,,rs1,,,,,010,,,rd,,,,,0111011,,,,,,,AMOANDL.W,1
,01000,,,,,0,0,rs2,,,,,rs1,,,,,010,,,rd,,,,,0111011,,,,,,,AMOORL.W,1
,10000,,,,,0,0,rs2,,,,,rs1,,,,,010,,,rd,,,,,0111011,,,,,,,AMOMINL.W,1
,10100,,,,,0,0,rs2,,,,,rs1,,,,,010,,,rd,,,,,0111011,,,,,,,AMOMAXL.W,1
,11000,,,,,0,0,rs2,,,,,rs1,,,,,010,,,rd,,,,,0111011,,,,,,,AMOMINUL.W,1
,11100,,,,,0,0,rs2,,,,,rs1,,,,,010,,,rd,,,,,0111011,,,,,,,AMOMAXUL.W,1
,11110,,,,,0,0,rs2,,,,,rs1,,,,,010,,,rd,,,,,0111011,,,,,,,AMOCMPSWAPL.W,1
,00001,,,,,0,1,rs2,,,,,rs1,,,,,010,,,rd,,,,,0111011,,,,,,,AMOSWAPG.W,1
,00000,,,,,0,1,rs2,,,,,rs1,,,,,010,,,rd,,,,,0111011,,,,,,,AMOADDG.W,1
,00100,,,,,0,1,rs2,,,,,rs1,,,,,010,,,rd,,,,,0111011,,,,,,,AMOXORG.W,1
,01100,,,,,0,1,rs2,,,,,rs1,,,,,010,,,rd,,,,,0111011,,,,,,,AMOANDG.W,1
,01000,,,,,0,1,rs2,,,,,rs1,,,,,010,,,rd,,,,,0111011,,,,,,,AMOORG.W,1
,10000,,,,,0,1,rs2,,,,,rs1,,,,,010,,,rd,,,,,0111011,,,,,,,AMOMING.W,1
,10100,,,,,0,1,rs2,,,,,rs1,,,,,010,,,rd,,,,,0111011,,,,,,,AMOMAXG.W,1
,11000,,,,,0,1,rs2,,,,,rs1,,,,,010,,,rd,,,,,0111011,,,,,,,AMOMINUG.W,1
,11100,,,,,0,1,rs2,,,,,rs1,,,,,010,,,rd,,,,,0111011,,,,,,,AMOMAXUG.W,1
,11110,,,,,0,1,rs2,,,,,rs1,,,,,010,,,rd,,,,,0111011,,,,,,,AMOCMPSWAPG.W,1
,00001,,,,,0,0,rs2,,,,,rs1,,,,,011,,,rd,,,,,0111011,,,,,,,AMOSWAPL.D,1
,00000,,,,,0,0,rs2,,,,,rs1,,,,,011,,,rd,,,,,0111011,,,,,,,AMOADDL.D,1
,00100,,,,,0,0,rs2,,,,,rs1,,,,,011,,,rd,,,,,0111011,,,,,,,AMOXORL.D,1
,01100,,,,,0,0,rs2,,,,,rs1,,,,,011,,,rd,,,,,0111011,,,,,,,AMOANDL.D,1
,01000,,,,,0,0,rs2,,,,,rs1,,,,,011,,,rd,,,,,0111011,,,,,,,AMOORL.D,1
,10000,,,,,0,0,rs2,,,,,rs1,,,,,011,,,rd,,,,,0111011,,,,,,,AMOMINL.D,1
,10100,,,,,0,0,rs2,,,,,rs1,,,,,011,,,rd,,,,,0111011,,,,,,,AMOMAXL.D,1
,11000,,,,,0,0,rs2,,,,,rs1,,,,,011,,,rd,,,,,0111011,,,,,,,AMOMINUL.D,1
,11100,,,,,0,0,rs2,,,,,rs1,,,,,011,,,rd,,,,,0111011,,,,,,,AMOMAXUL.D,1
,11110,,,,,0,0,rs2,,,,,rs1,,,,,011,,,rd,,,,,0111011,,,,,,,AMOCMPSWAPL.D,1
,00001,,,,,0,1,rs2,,,,,rs1,,,,,011,,,rd,,,,,0111011,,,,,,,AMOSWAPG.D,1
,00000,,,,,0,1,rs2,,,,,rs1,,,,,011,,,rd,,,,,0111011,,,,,,,AMOADDG.D,1
,00100,,,,,0,1,rs2,,,,,rs1,,,,,011,,,rd,,,,,0111011,,,,,,,AMOXORG.D,1
,01100,,,,,0,1,rs2,,,,,rs1,,,,,011,,,rd,,,,,0111011,,,,,,,AMOANDG.D,1
,01000,,,,,0,1,rs2,,,,,rs1,,,,,011,,,rd,,,,,0111011,,,,,,,AMOORG.D,1
,10000,,,,,0,1,rs2,,,,,rs1,,,,,011,,,rd,,,,,0111011,,,,,,,AMOMING.D,1
,10100,,,,,0,1,rs2,,,,,rs1,,,,,011,,,rd,,,,,0111011,,,,,,,AMOMAXG.D,1
,11000,,,,,0,1,rs2,,,,,rs1,,,,,011,,,rd,,,,,0111011,,,,,,,AMOMINUG.D,1
,11100,,,,,0,1,rs2,,,,,rs1,,,,,011,,,rd,,,,,0111011,,,,,,,AMOMAXUG.D,1
,11110,,,,,0,1,rs2,,,,,rs1,,,,,011,,,rd,,,,,0111011,,,,,,,AMOCMPSWAPG.D,1
,00010,,,,,0,0,rs2,,,,,rs1,,,,,011,,,00000,,,,,0111011,,,,,,,SBL,1
,00011,,,,,0,0,rs2,,,,,rs1,,,,,011,,,00000,,,,,0111011,,,,,,,SHL,1
,00010,,,,,0,1,rs2,,,,,rs1,,,,,011,,,00000,,,,,0111011,,,,,,,SBG,1
,00011,,,,,0,1,rs2,,,,,rs1,,,,,011,,,00000,,,,,0111011,,,,,,,SHG,1